id,name,market,season,assists,assists_turnover_ratio,bench_points,blocked_att,blocks,coach_ejections,coach_tech_fouls,defensive_assists,defensive_rating,defensive_rebounds,effective_fg_pct,efficiency,ejections,fast_break_att,fast_break_made,fast_break_pct,fast_break_pts,field_goals_at_midrange_att,field_goals_at_midrange_made,field_goals_at_midrange_pct,field_goals_at_rim_att,field_goals_at_rim_made,field_goals_at_rim_pct,field_goals_att,field_goals_made,field_goals_pct,flagrant_fouls,foulouts,fouls_drawn,free_throws_att,free_throws_made,free_throws_pct,games_played,minutes,net_rating,offensive_fouls,offensive_rating,offensive_rebounds,opponent_possessions,personal_fouls,points,points_against,points_in_paint,points_in_paint_att,points_in_paint_made,points_in_paint_pct,points_off_turnovers,possessions,rebounds,second_chance_att,second_chance_made,second_chance_pct,second_chance_pts,steals,team_defensive_rebounds,team_fouls,team_offensive_rebounds,team_rebounds,team_tech_fouls,team_turnovers,tech_fouls,technical_other,three_points_att,three_points_made,three_points_pct,total_fouls,total_rebounds,total_turnovers,true_shooting_att,true_shooting_pct,turnovers,two_points_att,two_points_made,two_points_pct
3c409388-ab73-4c7f-953d-3a71062240f6,Sky,Chicago,2023,818,1.52,778,144,181,0,5,0,100.76,990,0.501,3617,1,339,200,0.59,480,628,229,0.365,693,424,0.612,2783,1229,0.442,3,1,637,640,481,0.752,40,8050.0,-1.54,68,99.22,343,3308.84,691,3269,3334,1342,1280,671,0.524,532,3294.6,1333,350,162,0.463,370,267,98,14,213,311,9,35,27,0,888,330,0.372,705,1644,573,3064.6,0.533,538,1895,899,0.474
3c409388-ab73-4c7f-953d-3a71062240f6,Sky,Chicago,2024,759,1.45,771,231,151,0,3,0,100.91,1030,0.457,3419,1,290,176,0.607,418,548,188,0.343,902,523,0.58,2813,1188,0.422,6,7,681,710,527,0.742,40,8000.0,-6.01,64,94.9,434,3271.36,761,3096,3301,1616,1673,808,0.483,574,3262.4,1464,436,177,0.406,449,280,99,6,241,340,3,48,20,0,597,193,0.323,767,1804,571,3125.4,0.495,523,2216,995,0.449
3c409388-ab73-4c7f-953d-3a71062240f6,Sky,Chicago,2022,874,1.77,814,123,155,0,5,0,97.51,994,0.535,3781,0,272,170,0.625,417,440,163,0.37,780,526,0.674,2443,1176,0.481,3,3,595,599,493,0.823,36,7275.0,6.77,52,104.28,260,2999.8,584,3105,2925,1522,1259,761,0.604,517,2977.56,1254,255,130,0.51,321,261,83,13,153,236,8,36,15,0,754,260,0.345,597,1490,531,2706.56,0.574,495,1689,916,0.542
08ed8274-e29f-4248-bc2e-83cc8ed18d75,Liberty,New York,2024,911,1.8,644,127,179,0,0,0,93.91,1125,0.521,4142,0,324,189,0.583,498,320,111,0.347,528,374,0.708,2747,1230,0.448,1,2,674,687,559,0.814,40,8000.0,10.98,78,104.89,338,3256.48,615,3424,3058,1438,1279,719,0.562,605,3264.28,1463,347,159,0.458,407,316,93,5,199,292,5,47,13,0,1160,405,0.349,620,1755,553,3049.28,0.561,506,1587,825,0.52
0a5ad38d-2fe3-43ba-894b-1ba3d5042ea9,Sparks,Los Angeles,2023,760,1.52,714,195,114,0,2,0,98.44,993,0.474,3453,0,259,151,0.583,368,440,143,0.325,698,453,0.649,2672,1136,0.425,2,4,732,762,624,0.819,40,8025.0,-2.58,50,95.86,266,3272.04,676,3156,3221,1472,1457,736,0.505,532,3292.28,1259,275,118,0.429,242,339,102,17,213,315,15,50,20,0,780,260,0.333,693,1574,551,3007.28,0.525,501,1892,876,0.463
08ed8274-e29f-4248-bc2e-83cc8ed18d75,Liberty,New York,2022,745,1.41,856,115,148,0,1,0,100.01,981,0.504,3221,0,199,106,0.533,284,342,124,0.363,547,355,0.649,2402,1036,0.431,1,7,580,541,445,0.823,36,7275.0,-2.76,61,97.25,251,2951.56,656,2866,2952,1132,1073,566,0.527,451,2947.04,1232,262,125,0.477,308,219,91,6,165,256,5,31,15,0,995,349,0.351,662,1488,558,2640.04,0.543,527,1407,687,0.488
f073a15f-0486-4179-b0a3-dfd0294eb595,Fever,Indiana,2023,720,1.28,767,169,119,0,1,0,103.67,1004,0.491,3460,0,250,136,0.544,348,544,202,0.371,804,485,0.603,2730,1207,0.442,8,5,710,711,557,0.783,40,8075.0,-4.91,95,98.76,357,3281.64,787,3240,3402,1474,1396,737,0.528,426,3280.84,1361,367,183,0.499,380,260,104,14,222,326,13,32,20,0,791,269,0.34,801,1687,595,3042.84,0.532,563,1939,938,0.484
a015b02d-845c-40c1-8ef4-844984f47e4d,Sun,Connecticut,2023,826,1.67,766,185,152,0,0,0,96.74,1022,0.498,3766,1,326,203,0.623,481,427,149,0.349,783,491,0.627,2710,1206,0.445,7,3,773,794,608,0.766,40,8075.0,3.92,61,100.66,322,3265.52,736,3307,3159,1556,1501,778,0.518,619,3285.36,1344,343,158,0.461,364,323,95,7,249,344,7,52,22,0,798,287,0.36,743,1688,548,3059.36,0.54,496,1912,919,0.481
171b097d-01db-4ae8-9d56-035689402ec6,Aces,Las Vegas,2022,748,1.87,465,148,140,0,3,0,101.14,1023,0.528,3800,0,292,175,0.599,420,450,203,0.451,529,339,0.641,2529,1163,0.46,2,4,642,713,587,0.823,36,7225.0,6.86,63,108.0,249,2992.92,569,3256,3027,1238,1132,619,0.547,464,3014.72,1272,262,119,0.454,296,276,89,12,162,251,9,21,18,0,951,343,0.361,581,1523,421,2842.72,0.573,400,1578,820,0.52
4f57ec40-0d35-4b59-bea0-9d040f0d2292,Valkyries,Golden State,2021,,,,,,,,,,,,,,,,,,,,,,,,,,,,,,,,,,,,,,,,,,,,,,,,,,,,,,,,,,,,,,,,,,,,,,,,,,
171b097d-01db-4ae8-9d56-035689402ec6,Aces,Las Vegas,2024,820,1.9,599,143,198,1,5,0,97.47,1141,0.523,4072,0,315,172,0.546,432,417,178,0.427,384,256,0.667,2725,1236,0.454,0,0,687,733,607,0.828,40,8025.0,7.53,47,105.0,223,3320.16,661,3455,3236,1366,1255,683,0.544,533,3290.52,1364,241,117,0.485,275,282,92,19,171,263,13,34,28,0,1058,376,0.355,680,1627,466,3047.52,0.567,432,1667,860,0.516
0a5ad38d-2fe3-43ba-894b-1ba3d5042ea9,Sparks,Los Angeles,2022,680,1.37,759,122,142,0,3,0,104.52,844,0.486,3111,0,255,156,0.612,368,519,163,0.314,684,468,0.684,2409,1074,0.446,4,4,665,658,517,0.786,36,7225.0,-8.47,56,96.05,250,2981.36,657,2860,3116,1422,1271,711,0.559,510,2977.52,1094,262,130,0.496,261,308,84,15,174,258,12,32,24,0,609,195,0.32,672,1352,529,2698.52,0.53,497,1800,879,0.488
08ed8274-e29f-4248-bc2e-83cc8ed18d75,Liberty,New York,2023,965,1.79,608,139,178,0,1,0,96.97,1168,0.539,4328,1,321,181,0.564,468,358,126,0.352,696,478,0.687,2797,1286,0.46,8,2,687,667,553,0.829,40,8075.0,10.81,82,107.78,347,3322.84,640,3569,3222,1424,1245,712,0.572,570,3311.48,1515,341,163,0.478,424,266,84,8,189,273,7,28,13,0,1187,444,0.374,648,1788,568,3090.48,0.577,540,1610,842,0.523
0a5ad38d-2fe3-43ba-894b-1ba3d5042ea9,Sparks,Los Angeles,2024,787,1.32,987,204,129,1,3,0,104.56,1013,0.478,3338,2,263,153,0.582,385,328,86,0.262,696,444,0.638,2655,1124,0.423,3,3,721,783,599,0.765,40,8025.0,-10.79,76,93.77,294,3275.52,715,3136,3425,1498,1433,749,0.523,538,3344.52,1307,314,140,0.446,368,292,85,14,277,362,10,41,18,0,902,289,0.32,729,1669,639,2999.52,0.523,598,1753,835,0.476
f073a15f-0486-4179-b0a3-dfd0294eb595,Fever,Indiana,2022,649,1.19,813,152,129,0,1,0,105.66,845,0.458,2841,0,251,131,0.522,327,552,187,0.339,691,393,0.569,2498,1021,0.409,4,3,648,697,520,0.746,36,7250.0,-13.5,73,92.16,352,3034.16,719,2807,3206,1184,1224,592,0.484,510,3045.68,1197,348,152,0.437,373,258,75,5,237,312,4,48,12,0,724,245,0.338,724,1509,593,2804.68,0.5,545,1774,776,0.437
a015b02d-845c-40c1-8ef4-844984f47e4d,Sun,Connecticut,2022,758,1.47,859,132,97,0,2,0,94.69,969,0.508,3592,0,313,192,0.613,455,525,206,0.392,837,513,0.613,2484,1147,0.462,1,2,680,715,564,0.789,36,7250.0,8.46,74,103.15,367,2955.88,615,3088,2799,1428,1318,714,0.542,618,2993.6,1336,361,180,0.499,425,318,66,9,235,301,7,45,21,0,649,230,0.354,624,1637,562,2798.6,0.552,517,1835,917,0.5
171b097d-01db-4ae8-9d56-035689402ec6,Aces,Las Vegas,2023,868,1.95,538,115,191,0,3,0,95.8,1147,0.553,4493,0,336,209,0.622,512,455,207,0.455,417,289,0.693,2767,1344,0.486,5,2,695,779,654,0.84,40,8000.0,15.58,59,111.38,246,3351.88,638,3713,3211,1538,1323,769,0.581,642,3333.76,1393,266,139,0.523,356,321,101,10,166,267,7,25,15,0,996,371,0.372,648,1660,470,3109.76,0.597,445,1771,973,0.549
4f57ec40-0d35-4b59-bea0-9d040f0d2292,Valkyries,Golden State,2020,,,,,,,,,,,,,,,,,,,,,,,,,,,,,,,,,,,,,,,,,,,,,,,,,,,,,,,,,,,,,,,,,,,,,,,,,,
f073a15f-0486-4179-b0a3-dfd0294eb595,Fever,Indiana,2024,816,1.44,659,151,173,0,1,0,105.05,1071,0.523,3812,0,293,161,0.549,396,350,123,0.351,832,516,0.62,2741,1250,0.456,2,5,685,685,531,0.775,40,8025.0,-2.78,67,102.27,331,3337.32,726,3399,3506,1516,1366,758,0.555,503,3323.4,1402,340,175,0.515,414,235,108,10,206,314,9,44,28,0,1034,368,0.356,736,1716,612,3042.4,0.559,568,1707,882,0.517
a015b02d-845c-40c1-8ef4-844984f47e4d,Sun,Connecticut,2024,796,1.65,703,183,146,0,1,0,92.51,1004,0.488,3655,1,299,175,0.585,431,454,167,0.368,785,490,0.624,2637,1170,0.444,4,1,725,835,629,0.753,40,8050.0,7.51,60,100.02,334,3182.4,645,3204,2944,1544,1472,772,0.524,722,3203.4,1338,336,165,0.491,447,326,87,7,251,338,6,51,18,0,719,235,0.327,652,1676,533,3004.4,0.533,482,1918,935,0.487
6f017f37-be96-4bdc-b6d3-0a0429c72e89,Lynx,Minnesota,2022,743,1.41,964,142,102,0,3,0,102.6,1007,0.501,3359,0,221,115,0.52,292,489,183,0.374,634,407,0.642,2414,1087,0.45,6,3,643,699,548,0.784,36,7250.0,-2.25,60,100.35,323,2944.52,610,2968,3021,1320,1221,660,0.541,376,2957.56,1330,322,159,0.494,336,220,78,16,182,260,13,33,21,0,707,246,0.348,626,1590,559,2721.56,0.545,526,1707,841,0.493
d6a012ed-84aa-48d3-8265-2d3f3ff2199a,Storm,Seattle,2022,813,1.77,663,105,150,0,0,0,95.33,928,0.509,3502,0,289,177,0.612,432,487,168,0.345,522,354,0.678,2478,1095,0.442,4,2,578,542,447,0.825,36,7225.0,6.4,62,101.73,280,2960.16,560,2970,2822,1188,1072,594,0.554,618,2919.48,1208,256,138,0.539,354,299,91,1,129,220,1,23,2,0,922,333,0.361,561,1428,483,2716.48,0.547,460,1556,762,0.49
d6a012ed-84aa-48d3-8265-2d3f3ff2199a,Storm,Seattle,2024,826,1.67,588,183,206,0,2,0,94.78,1040,0.478,3898,0,333,189,0.568,455,507,194,0.383,661,449,0.679,2852,1242,0.435,1,4,656,718,603,0.84,40,8050.0,4.74,56,99.52,346,3323.44,660,3329,3150,1620,1513,810,0.535,632,3344.92,1386,359,173,0.482,392,372,103,16,207,310,14,27,21,0,840,242,0.288,676,1696,523,3167.92,0.525,496,2012,1000,0.497
5d70a9af-8c2b-4aec-9e68-9acc6ddb93e4,Dream,Atlanta,2023,743,1.37,838,174,185,1,5,0,99.15,1123,0.475,3622,1,312,171,0.548,423,540,205,0.38,699,432,0.618,2748,1176,0.428,3,6,791,878,692,0.788,40,8050.0,-1.93,79,97.22,321,3388.72,772,3301,3360,1430,1449,715,0.493,448,3395.32,1444,318,162,0.509,361,251,89,26,239,328,20,38,31,0,766,257,0.336,798,1772,582,3134.32,0.527,544,1982,919,0.464
6f017f37-be96-4bdc-b6d3-0a0429c72e89,Lynx,Minnesota,2024,921,1.72,720,146,168,0,1,0,92.15,1073,0.518,3929,0,334,181,0.542,447,603,269,0.446,551,354,0.642,2692,1205,0.448,4,1,626,619,489,0.79,40,8075.0,9.14,53,101.29,297,3281.64,654,3279,3024,1130,1101,565,0.513,691,3237.36,1370,303,150,0.495,374,343,80,6,181,261,5,35,11,0,1000,380,0.38,660,1631,570,2964.36,0.553,535,1692,825,0.488
0699edf3-5993-4182-b9b4-ec935cbd4fcc,Mercury,Phoenix,2020,448,1.46,485,67,123,0,0,0,99.33,582,0.513,2163,0,98,69,0.704,159,275,118,0.429,213,145,0.681,1475,664,0.45,1,1,442,463,382,0.825,22,4425.0,3.23,49,102.56,165,1863.44,434,1895,1851,728,663,364,0.549,321,1847.72,747,148,67,0.453,174,149,53,4,102,155,4,27,13,0,540,185,0.343,438,902,334,1678.72,0.564,307,935,479,0.512
6f017f37-be96-4bdc-b6d3-0a0429c72e89,Lynx,Minnesota,2023,777,1.45,772,170,105,0,1,0,103.19,1052,0.485,3505,1,265,137,0.517,343,528,193,0.366,658,415,0.631,2701,1174,0.435,9,1,715,735,588,0.8,40,8050.0,-5.31,77,97.88,318,3294.0,675,3206,3399,1422,1340,711,0.531,431,3275.4,1370,320,154,0.481,297,257,84,15,196,280,14,33,19,0,832,270,0.325,690,1650,569,3024.4,0.53,536,1869,904,0.484
d6a012ed-84aa-48d3-8265-2d3f3ff2199a,Storm,Seattle,2023,706,1.22,795,162,178,0,3,0,102.11,1067,0.472,3371,0,299,171,0.572,436,459,134,0.292,596,386,0.648,2718,1114,0.41,5,3,703,744,585,0.786,40,8025.0,-7.49,69,94.62,329,3308.2,717,3153,3378,1282,1301,641,0.493,454,3332.36,1396,332,156,0.47,362,279,75,14,228,303,11,38,17,0,968,340,0.351,731,1699,616,3045.36,0.518,578,1750,774,0.442
5d70a9af-8c2b-4aec-9e68-9acc6ddb93e4,Dream,Atlanta,2024,735,1.47,681,164,148,0,2,0,98.23,1075,0.452,3402,0,257,128,0.498,337,591,211,0.357,689,420,0.61,2723,1112,0.408,0,2,702,800,617,0.771,40,8075.0,-3.66,64,94.57,369,3247.32,674,3080,3190,1334,1366,667,0.488,441,3257.0,1444,376,173,0.46,361,288,100,20,251,351,18,52,25,0,775,239,0.308,694,1795,551,3075.0,0.501,499,1948,873,0.448
5d70a9af-8c2b-4aec-9e68-9acc6ddb93e4,Dream,Atlanta,2022,632,1.15,860,169,112,0,3,0,98.48,966,0.475,3012,1,265,134,0.506,360,569,201,0.353,597,356,0.596,2463,1035,0.42,7,5,643,624,485,0.777,36,7250.0,-4.52,87,93.96,311,2979.28,702,2826,2934,1138,1133,569,0.502,432,3007.56,1277,311,150,0.482,306,280,94,17,204,298,14,33,21,0,771,271,0.351,719,1575,581,2737.56,0.516,548,1692,764,0.452
0699edf3-5993-4182-b9b4-ec935cbd4fcc,Mercury,Phoenix,2021,631,1.54,486,109,167,0,0,0,98.97,903,0.507,3043,0,166,90,0.542,221,348,133,0.382,530,324,0.611,2102,945,0.45,0,1,583,620,495,0.798,32,6450.0,3.66,72,102.63,255,2570.44,521,2626,2544,1142,1058,571,0.54,372,2558.8,1158,259,128,0.494,324,152,72,2,148,220,2,30,14,0,697,241,0.346,523,1378,439,2374.8,0.553,409,1405,704,0.501
5f0b5caf-708b-4300-92f2-53b51d83ec06,Wings,Dallas,2023,813,1.55,563,147,171,0,2,0,101.74,1076,0.489,4037,2,354,223,0.63,525,503,183,0.364,768,519,0.676,2926,1295,0.443,4,6,725,811,654,0.806,40,8025.0,2.79,73,104.53,471,3338.0,754,3514,3396,1694,1581,847,0.536,590,3361.84,1547,460,221,0.48,510,303,87,13,238,325,11,27,31,0,853,270,0.317,767,1872,550,3282.84,0.535,523,2073,1025,0.494
5c0d47fe-8539-47b0-9f36-d0b3609ca89b,Mystics,Washington,2023,768,1.57,736,117,130,0,7,0,97.89,1028,0.486,3558,0,237,142,0.599,346,555,212,0.382,531,347,0.653,2699,1156,0.428,5,2,719,728,599,0.823,40,8025.0,0.15,65,98.04,263,3304.84,743,3221,3235,1270,1215,635,0.523,498,3285.32,1291,270,133,0.493,233,309,88,27,183,271,20,40,35,0,923,310,0.336,770,1562,529,3019.32,0.533,489,1776,846,0.476
5c0d47fe-8539-47b0-9f36-d0b3609ca89b,Mystics,Washington,2024,863,1.43,1097,135,137,0,5,0,99.37,991,0.506,3473,0,244,136,0.557,323,425,172,0.405,571,383,0.671,2681,1161,0.433,0,3,727,601,461,0.767,40,8050.0,-3.38,68,95.99,283,3312.0,737,3172,3291,1210,1199,605,0.505,516,3304.44,1274,281,120,0.427,308,291,80,21,220,300,16,38,29,0,1064,389,0.366,758,1574,642,2945.44,0.538,604,1617,772,0.477
5f0b5caf-708b-4300-92f2-53b51d83ec06,Wings,Dallas,2022,676,1.48,723,153,134,0,0,0,101.94,873,0.492,3249,1,280,163,0.582,412,463,182,0.393,643,414,0.644,2456,1068,0.435,3,4,670,747,571,0.764,36,7225.0,-0.02,82,101.92,344,2922.2,676,2986,2979,1226,1194,613,0.513,494,2929.68,1217,335,162,0.484,426,256,81,5,225,306,5,33,23,0,813,279,0.343,681,1523,489,2784.68,0.536,456,1643,789,0.48
5f0b5caf-708b-4300-92f2-53b51d83ec06,Wings,Dallas,2024,817,1.38,587,182,158,0,1,0,109.02,971,0.49,3690,1,318,178,0.56,436,574,203,0.354,789,521,0.66,2841,1266,0.446,7,3,699,746,586,0.786,40,8075.0,-9.26,80,99.76,419,3380.0,739,3368,3685,1634,1511,817,0.541,587,3376.24,1390,415,218,0.525,551,285,100,7,228,328,6,33,25,0,767,250,0.326,746,1718,626,3169.24,0.531,593,2074,1016,0.49
5c0d47fe-8539-47b0-9f36-d0b3609ca89b,Mystics,Washington,2022,729,1.58,815,130,133,0,5,0,93.73,968,0.496,3333,0,180,103,0.572,248,433,169,0.39,515,361,0.701,2403,1055,0.439,3,3,628,643,504,0.784,36,7275.0,6.17,49,99.9,289,2913.6,572,2888,2731,1226,1164,613,0.527,485,2890.92,1257,273,123,0.451,265,274,77,17,168,245,12,33,27,0,811,274,0.338,589,1502,494,2685.92,0.538,461,1592,781,0.491
3c409388-ab73-4c7f-953d-3a71062240f6,Sky,Chicago,2020,480,1.46,466,72,89,1,3,0,100.25,578,0.547,2229,-1,79,64,0.81,137,314,150,0.478,269,218,0.81,1500,737,0.491,1,1,359,327,267,0.817,22,4400.0,4.19,41,104.44,161,1845.32,396,1908,1850,840,710,420,0.592,307,1826.88,739,153,86,0.562,190,164,38,11,91,129,7,16,13,0,476,167,0.351,407,868,344,1643.88,0.58,328,1024,570,0.557
3c409388-ab73-4c7f-953d-3a71062240f6,Sky,Chicago,2021,697,1.58,785,158,145,0,4,0,97.07,854,0.493,3074,0,232,148,0.638,345,396,134,0.338,654,395,0.604,2236,986,0.441,6,2,532,543,459,0.845,32,6500.0,2.52,55,99.59,265,2701.08,609,2664,2622,1246,1162,623,0.536,413,2674.92,1119,255,120,0.471,277,224,65,13,140,205,9,24,18,0,679,233,0.343,622,1324,465,2474.92,0.538,441,1557,753,0.484
0a5ad38d-2fe3-43ba-894b-1ba3d5042ea9,Sparks,Los Angeles,2020,440,1.44,603,51,66,0,1,0,97.28,551,0.535,2114,0,95,69,0.726,146,382,149,0.39,279,201,0.72,1473,708,0.481,0,0,402,370,293,0.792,22,4425.0,5.77,39,103.05,140,1816.44,403,1868,1767,802,692,401,0.579,322,1812.8,691,146,75,0.514,142,197,48,8,95,143,7,11,13,0,399,159,0.398,411,834,317,1635.8,0.571,306,1074,549,0.511
08ed8274-e29f-4248-bc2e-83cc8ed18d75,Liberty,New York,2021,615,1.18,578,135,122,0,4,0,101.66,868,0.503,2692,0,143,86,0.601,212,301,103,0.342,478,303,0.634,2115,904,0.427,1,3,549,470,382,0.813,32,6425.0,-7.43,77,94.23,199,2691.24,572,2511,2736,962,929,481,0.518,420,2664.8,1067,211,96,0.455,230,195,78,13,147,225,9,23,19,0,887,321,0.362,585,1292,542,2321.8,0.541,519,1228,583,0.475
4f57ec40-0d35-4b59-bea0-9d040f0d2292,Valkyries,Golden State,2024,,,,,,,,,,,,,,,,,,,,,,,,,,,,,,,,,,,,,,,,,,,,,,,,,,,,,,,,,,,,,,,,,,,,,,,,,,
171b097d-01db-4ae8-9d56-035689402ec6,Aces,Las Vegas,2021,668,1.81,821,119,147,0,0,0,95.1,1001,0.508,3439,0,144,99,0.688,227,630,241,0.383,453,304,0.671,2248,1060,0.472,1,0,603,701,574,0.819,32,6475.0,10.82,43,105.92,236,2698.32,455,2856,2566,1320,1193,660,0.553,387,2696.44,1237,217,108,0.498,281,216,80,2,142,222,2,6,8,0,432,162,0.375,457,1459,376,2556.44,0.559,370,1816,898,0.494
a015b02d-845c-40c1-8ef4-844984f47e4d,Sun,Connecticut,2020,403,1.38,416,81,69,0,1,0,97.36,561,0.469,1946,0,104,70,0.673,150,308,110,0.357,281,194,0.69,1530,653,0.427,0,1,399,440,332,0.755,22,4425.0,0.18,33,97.54,220,1805.6,413,1768,1758,826,802,413,0.515,321,1812.6,781,222,111,0.5,235,202,42,6,144,186,5,17,16,0,417,130,0.312,419,967,309,1723.6,0.513,292,1113,523,0.47
f073a15f-0486-4179-b0a3-dfd0294eb595,Fever,Indiana,2020,422,1.28,506,77,70,0,1,0,110.25,544,0.494,1916,0,50,37,0.74,78,359,129,0.359,232,167,0.72,1467,648,0.442,0,0,409,426,349,0.819,22,4400.0,-10.77,35,99.48,197,1786.92,390,1797,1970,730,669,365,0.546,248,1806.44,741,186,101,0.543,265,112,56,2,122,178,1,19,4,0,440,152,0.345,392,919,349,1654.44,0.543,330,1027,496,0.483
4f57ec40-0d35-4b59-bea0-9d040f0d2292,Valkyries,Golden State,2022,,,,,,,,,,,,,,,,,,,,,,,,,,,,,,,,,,,,,,,,,,,,,,,,,,,,,,,,,,,,,,,,,,,,,,,,,,
0a5ad38d-2fe3-43ba-894b-1ba3d5042ea9,Sparks,Los Angeles,2021,494,1.17,651,129,135,0,2,0,95.0,741,0.462,2376,0,166,100,0.602,237,438,156,0.356,479,299,0.624,2108,865,0.41,3,3,591,499,382,0.766,32,6450.0,-4.68,52,90.32,194,2596.88,618,2328,2467,988,1029,494,0.48,491,2577.56,935,209,109,0.522,220,266,63,12,173,236,10,23,23,0,645,216,0.335,630,1171,445,2327.56,0.5,422,1463,649,0.444
08ed8274-e29f-4248-bc2e-83cc8ed18d75,Liberty,New York,2020,327,0.89,578,104,94,0,0,0,101.72,612,0.43,1577,0,89,52,0.584,116,202,63,0.312,231,146,0.632,1451,540,0.372,2,3,401,406,334,0.823,22,4400.0,-16.11,55,85.61,175,1857.12,420,1581,1889,622,649,311,0.479,214,1846.64,787,169,63,0.373,143,139,55,3,120,175,3,24,7,0,602,167,0.277,423,962,392,1629.64,0.485,368,849,373,0.439
171b097d-01db-4ae8-9d56-035689402ec6,Aces,Las Vegas,2020,457,1.71,769,104,66,0,1,0,95.5,644,0.507,2315,0,104,73,0.702,154,407,157,0.386,276,207,0.75,1512,720,0.476,0,0,454,514,419,0.815,22,4400.0,10.87,38,106.37,179,1846.16,331,1952,1763,942,850,471,0.554,353,1835.16,823,167,87,0.521,209,172,48,4,115,163,3,8,6,0,254,93,0.366,335,986,276,1738.16,0.562,268,1258,627,0.498
a015b02d-845c-40c1-8ef4-844984f47e4d,Sun,Connecticut,2021,575,1.3,455,148,115,0,2,0,90.1,860,0.497,2948,0,121,77,0.636,184,412,139,0.337,630,385,0.611,2100,933,0.444,1,3,576,566,462,0.816,32,6450.0,11.05,78,101.15,311,2482.72,570,2551,2237,1148,1068,574,0.537,509,2522.04,1171,320,169,0.528,367,251,82,8,193,275,6,40,10,0,625,223,0.357,578,1446,484,2349.04,0.543,444,1475,710,0.481
f073a15f-0486-4179-b0a3-dfd0294eb595,Fever,Indiana,2021,534,1.21,602,138,121,0,0,0,105.89,792,0.452,2541,1,190,106,0.558,268,599,237,0.396,644,379,0.589,2183,909,0.416,4,6,576,544,435,0.8,32,6400.0,-13.03,56,92.86,307,2572.48,568,2410,2724,1030,1029,515,0.5,403,2595.36,1099,312,140,0.449,364,200,78,1,188,266,1,40,9,0,552,157,0.284,569,1365,480,2422.36,0.497,440,1631,752,0.461
4f57ec40-0d35-4b59-bea0-9d040f0d2292,Valkyries,Golden State,2023,,,,,,,,,,,,,,,,,,,,,,,,,,,,,,,,,,,,,,,,,,,,,,,,,,,,,,,,,,,,,,,,,,,,,,,,,,
d6a012ed-84aa-48d3-8265-2d3f3ff2199a,Storm,Seattle,2021,682,1.72,713,116,135,0,0,0,96.72,909,0.513,3219,0,213,149,0.7,380,444,162,0.365,473,305,0.645,2203,992,0.45,3,1,548,542,455,0.839,32,6525.0,6.65,49,103.37,229,2659.24,497,2714,2572,1118,1039,559,0.538,465,2625.48,1138,222,109,0.491,249,244,62,4,128,190,4,17,4,0,725,275,0.379,501,1328,413,2441.48,0.556,396,1478,717,0.485
6f017f37-be96-4bdc-b6d3-0a0429c72e89,Lynx,Minnesota,2021,653,1.45,649,134,131,0,4,0,95.35,885,0.508,3062,0,174,101,0.58,263,414,171,0.413,546,354,0.648,2146,982,0.458,3,2,559,558,467,0.837,32,6450.0,5.47,63,100.82,233,2641.72,561,2647,2519,1196,1102,598,0.543,373,2625.52,1118,248,124,0.5,246,217,85,15,153,238,11,18,23,0,635,216,0.34,576,1356,467,2391.52,0.553,449,1511,766,0.507
5d70a9af-8c2b-4aec-9e68-9acc6ddb93e4,Dream,Atlanta,2020,371,1.17,380,84,73,0,0,0,104.73,568,0.484,1869,0,97,76,0.784,157,434,167,0.385,258,166,0.643,1563,691,0.442,0,4,367,355,269,0.758,22,4425.0,-8.31,35,96.42,199,1840.96,408,1781,1928,792,756,396,0.524,330,1847.2,767,205,90,0.439,212,151,44,2,116,160,2,11,3,0,371,130,0.35,410,927,327,1719.2,0.518,316,1192,561,0.471
0699edf3-5993-4182-b9b4-ec935cbd4fcc,Mercury,Phoenix,2023,763,1.29,798,157,170,0,4,0,104.96,971,0.497,3319,0,229,118,0.515,292,474,182,0.384,526,354,0.673,2558,1136,0.444,6,5,695,649,521,0.803,40,8025.0,-9.91,97,95.05,264,3235.6,753,3064,3396,1368,1268,684,0.539,441,3223.56,1235,261,136,0.521,312,227,101,15,200,301,11,54,25,0,827,271,0.328,768,1536,644,2843.56,0.539,590,1731,865,0.5
d6a012ed-84aa-48d3-8265-2d3f3ff2199a,Storm,Seattle,2020,482,1.66,543,63,89,0,0,0,91.7,590,0.532,2318,0,99,73,0.737,154,287,114,0.397,265,198,0.747,1491,701,0.47,0,1,362,415,339,0.817,22,4400.0,14.44,34,106.14,167,1823.36,364,1926,1672,812,741,406,0.548,392,1814.6,757,170,86,0.506,213,221,44,1,105,149,1,17,2,0,470,185,0.394,365,906,308,1673.6,0.575,291,1021,516,0.505
6f017f37-be96-4bdc-b6d3-0a0429c72e89,Lynx,Minnesota,2020,435,1.4,425,85,66,0,1,0,99.86,538,0.518,2114,0,64,47,0.734,103,291,107,0.368,237,168,0.709,1475,673,0.456,0,3,386,402,329,0.818,22,4400.0,5.6,31,105.46,218,1775.48,372,1857,1773,768,716,384,0.536,265,1760.88,756,202,107,0.53,233,185,37,7,95,132,6,17,9,0,473,182,0.385,379,888,327,1651.88,0.562,310,1002,491,0.49
5d70a9af-8c2b-4aec-9e68-9acc6ddb93e4,Dream,Atlanta,2021,558,1.58,712,126,149,0,0,0,102.97,782,0.458,2736,0,219,134,0.612,317,630,236,0.375,589,342,0.581,2352,980,0.417,1,0,521,503,362,0.72,32,6450.0,-7.75,52,95.22,311,2620.2,588,2518,2698,1094,1090,547,0.502,474,2644.32,1093,318,138,0.434,311,285,58,6,177,235,6,28,12,0,632,196,0.31,594,1328,382,2573.32,0.489,354,1720,784,0.456
0699edf3-5993-4182-b9b4-ec935cbd4fcc,Mercury,Phoenix,2022,693,1.44,501,114,163,0,4,0,101.5,876,0.495,3195,2,255,140,0.549,338,314,116,0.369,597,381,0.638,2395,1028,0.429,6,4,661,671,548,0.817,36,7275.0,-2.76,93,98.74,246,2983.12,714,2920,3028,1196,1124,598,0.532,487,2957.24,1122,240,112,0.467,259,267,102,13,168,270,9,33,36,0,961,316,0.329,727,1392,513,2690.24,0.543,480,1434,712,0.497
0699edf3-5993-4182-b9b4-ec935cbd4fcc,Mercury,Phoenix,2024,794,1.5,561,133,189,0,3,0,102.94,1024,0.503,3631,2,230,115,0.5,290,422,175,0.415,539,386,0.716,2653,1164,0.439,6,4,679,737,589,0.799,40,8050.0,-3.38,71,99.56,269,3293.12,676,3258,3390,1310,1196,655,0.548,489,3272.28,1293,273,136,0.498,320,264,125,19,192,317,16,34,50,0,1046,341,0.326,695,1610,564,2977.28,0.547,530,1607,823,0.512
5f0b5caf-708b-4300-92f2-53b51d83ec06,Wings,Dallas,2020,344,1.44,476,74,70,0,1,0,106.41,522,0.478,1918,0,95,73,0.768,160,284,89,0.313,202,151,0.748,1562,648,0.415,0,4,387,421,343,0.815,22,4450.0,-5.65,41,100.76,198,1797.72,433,1835,1913,728,678,364,0.537,233,1821.24,720,194,89,0.459,149,180,52,10,130,182,9,33,15,0,607,196,0.323,443,902,272,1747.24,0.525,239,955,452,0.473
5c0d47fe-8539-47b0-9f36-d0b3609ca89b,Mystics,Washington,2020,434,1.63,347,62,49,0,3,0,101.57,532,0.493,1930,0,64,47,0.734,97,328,131,0.399,194,128,0.66,1507,652,0.433,0,1,368,331,273,0.825,22,4450.0,-3.39,26,98.18,161,1766.28,373,1760,1794,676,644,338,0.525,301,1792.64,693,163,74,0.454,174,173,58,11,100,158,8,35,14,0,536,183,0.341,384,851,301,1652.64,0.532,266,971,469,0.483
5f0b5caf-708b-4300-92f2-53b51d83ec06,Wings,Dallas,2021,557,1.37,951,165,124,0,0,0,101.38,835,0.477,2840,0,230,129,0.561,332,441,154,0.349,543,337,0.621,2262,949,0.42,2,4,504,526,436,0.829,32,6450.0,-2.16,76,99.22,320,2577.36,589,2596,2613,1064,1085,532,0.49,420,2616.44,1155,324,141,0.435,345,219,68,7,169,237,7,35,21,0,740,262,0.354,596,1392,443,2493.44,0.521,408,1522,687,0.451
5c0d47fe-8539-47b0-9f36-d0b3609ca89b,Mystics,Washington,2021,596,1.52,512,114,99,0,2,0,102.86,805,0.475,2728,0,96,65,0.677,154,430,144,0.335,341,231,0.677,2215,908,0.41,1,0,557,556,449,0.808,32,6425.0,-5.11,57,97.75,260,2601.64,551,2553,2676,950,908,475,0.523,428,2611.64,1065,263,107,0.407,253,222,72,9,151,223,7,19,16,0,878,288,0.328,560,1288,412,2459.64,0.519,393,1337,620,0.464
